,StoreName,StoreAddress,URL
0,Albany,"Shop 1, 69 Lockyer Avenue, Albany, WA, 6330",https://www.pizzahut.com.au/stores/pizza-hut-albany
1,Alderley,"Shop 2, 30 South Pine Rd, Alderley, QLD, 4051",https://www.pizzahut.com.au/stores/pizza-hut-alderley
2,Armadale,"Shop 11 Haynes Shop Centre Cnr Armadale & Eight Rd's, Armadale, WA, 6112",https://www.pizzahut.com.au/stores/pizza-hut-armadale
3,Ashgrove,"Shop 2, 214 Waterworks Rd, Ashgrove, QLD, 4060",https://www.pizzahut.com.au/stores/pizza-hut-ashgrove
4,Ashmore,"149 Cotlew St, Ashmore, QLD, 4214",https://www.pizzahut.com.au/stores/pizza-hut-ashmore
5,Aspley,"Shop 10, 1370 Gympie Rd, Aspley, QLD, 4034",https://www.pizzahut.com.au/stores/pizza-hut-aspley
6,Auburn,"115 Auburn Rd, Auburn, NSW, 2144",https://www.pizzahut.com.au/stores/pizza-hut-auburn
7,Baldivis,"Shop 19 Stockland Shopping Centre, 20 Settlers Ave, Baldivis, WA, 6171",https://www.pizzahut.com.au/stores/pizza-hut-baldivis
8,Balga,"Shop 10A Fieldgate Square, 25 Culloton Cres, Balga, WA, 6061",https://www.pizzahut.com.au/stores/pizza-hut-balga
9,Balgowlah,"312 Sydney Rd, Balgowlah, NSW, 2093",https://www.pizzahut.com.au/stores/pizza-hut-balgowlah
10,Ballarat Dine In,"31 Victoria St, Ballarat Dine In, VIC, 3350",https://www.pizzahut.com.au/stores/pizza-hut-ballarat-dine-in
11,Bankstown,"242 Chapel Rd Sth, Bankstown, NSW, 2200",https://www.pizzahut.com.au/stores/pizza-hut-bankstown
12,Bassendean,"Shop 23B, Bassendean Shopping Village, Cnr West &, Guildford Rd, Bassendean, WA, 6054",https://www.pizzahut.com.au/stores/pizza-hut-bassendean
13,Bateau Bay,"161 Cresthaven Ave, Bateau Bay, NSW, 2261",https://www.pizzahut.com.au/stores/pizza-hut-bateau-bay
14,Bathurst,"Shop 1, 52 Durham St, Bathurst, NSW, 2795",https://www.pizzahut.com.au/stores/pizza-hut-bathurst
15,Baulkham Hills,"22A Old Northern Rd, Baulkham Hills, NSW, 2153",https://www.pizzahut.com.au/stores/pizza-hut-baulkham-hills
16,Beenleigh,"112 City Rd, Enter via George St, Beenleigh, QLD, 4207",https://www.pizzahut.com.au/stores/pizza-hut-beenleigh
17,Beerwah,"4/70 Simpson Rd, Beerwah, QLD, 4519",https://www.pizzahut.com.au/stores/pizza-hut-beerwah
18,Belfield,"26A Burwood Rd, Belfield, NSW, 2191",https://www.pizzahut.com.au/stores/pizza-hut-belfield
19,Bell Post Hill,"Shop 23, 290 Anakie Rd, Bell Post Hill, VIC, 3214",https://www.pizzahut.com.au/stores/pizza-hut-bell-post-hill
20,Bellbowrie,"37 Birkin Rd, Bellbowrie, QLD, 4070",https://www.pizzahut.com.au/stores/pizza-hut-bellbowrie
21,Belmont Village,"Shop 13B, 65 High St, Belmont, VIC, 3216",https://www.pizzahut.com.au/stores/pizza-hut-belmont-village
22,Belmont WA,"Shop 1A, 268 Belmont Ave, Cnr Fulham St, Cloverdale, WA, 6105",https://www.pizzahut.com.au/stores/pizza-hut-belmont-wa
23,Bendigo Dine In,"Cnr High St & Violet St, Bendigo, VIC, 3550",https://www.pizzahut.com.au/stores/pizza-hut-bendigo-dine-in
24,Bentleigh East,"697 Centre Rd, Bentleigh East, VIC, 3165",https://www.pizzahut.com.au/stores/pizza-hut-bentleigh-east
25,Bentley Park,"Shop 12b, 96 Mclaughlin Rd, Bentley Park, QLD, 4869",https://www.pizzahut.com.au/stores/pizza-hut-bentley-park
26,Beverly Hills,"322 King Georges Rd, Beverly Hills, NSW, 2209",https://www.pizzahut.com.au/stores/pizza-hut-beverly-hills
27,Blacktown,"88 Reservoir Rd, Blacktown, NSW, 2148",https://www.pizzahut.com.au/stores/pizza-hut-blacktown
28,Blackwater,"Shop 9, 5 Rufus St, Blackwater, QLD, 4717",https://www.pizzahut.com.au/stores/pizza-hut-blackwater
29,Bonnyrigg,"Shop 3 Rigg Plaza, 5 Rigg Pl, Bonnyrigg, NSW, 2177",https://www.pizzahut.com.au/stores/pizza-hut-bonnyrigg
30,Boonooroo Park,"Shop 10, Cnr Nielsens Rd & Coelia Crt, Carrara, QLD, 4211",https://www.pizzahut.com.au/stores/pizza-hut-boonooroo-park
31,Booval,"47 South Station Road, Booval, QLD, 4304",https://www.pizzahut.com.au/stores/pizza-hut-booval
32,Bowen,"21 Herbert St, Bowen, QLD, 4805",https://www.pizzahut.com.au/stores/pizza-hut-bowen
33,Brassall,"Shop 38B, 68 Hunter St, Brassall, QLD, 4305",https://www.pizzahut.com.au/stores/pizza-hut-brassall
34,Browns Plains Westpoint,"Shop 31, 8-24 Browns Plains Rd, Browns Plains, QLD, 4118",https://www.pizzahut.com.au/stores/pizza-hut-browns-plains-westpoint
35,Bundaberg,"224 Bourbong Rd, Bundaberg West, QLD, 4670",https://www.pizzahut.com.au/stores/pizza-hut-bundaberg
36,Bundoora,"Shop 9 Bld H, Polaris Town Centre, Copernicus Crt, Bundoora, VIC, 3083",https://www.pizzahut.com.au/stores/pizza-hut-bundoora
37,Burleigh Waters,"Shop 6, 1 Santa Maria Pl, Burleigh Waters, QLD, 4220",https://www.pizzahut.com.au/stores/pizza-hut-burleigh-waters
38,Byford,"Shop 2 Byford Centre, 837 South Western Hwy, Byford, WA, 6122",https://www.pizzahut.com.au/stores/pizza-hut-byford
39,Cairns,"Shop 3, 213 Sheridan St, Cairns, QLD, 4870",https://www.pizzahut.com.au/stores/pizza-hut-cairns
40,Cambridge Gardens,"2-6 Star Ct, Cambridge Gardens, NSW, 2747",https://www.pizzahut.com.au/stores/pizza-hut-cambridge-gardens
41,Camden,"Shop 1, 166-172 Argyle St, Camden, NSW, 2570",https://www.pizzahut.com.au/stores/pizza-hut-camden
42,Camp Hill,"Unit 1, 412 Old Cleveland Rd, Camp Hill, QLD, 4152",https://www.pizzahut.com.au/stores/pizza-hut-camp-hill
43,Campbelltown,"174 Queen St, Campbelltown, NSW, 2560",https://www.pizzahut.com.au/stores/pizza-hut-campbelltown
44,Canley Vale,"Shop 1, 17 Canley Vale Rd, Canley Vale, NSW, 2166",https://www.pizzahut.com.au/stores/pizza-hut-canley-vale
45,Cannon Hill,"Shop 8, 936 Wynnum Rd, Cannon Hill, QLD, 4170",https://www.pizzahut.com.au/stores/pizza-hut-cannon-hill
46,Capalaba,"Shop 2, 131 Old Cleveland Rd, Brisbane, QLD, 4157",https://www.pizzahut.com.au/stores/pizza-hut-capalaba
47,Carina,"Shop 2, 1396 Creek Rd, Carina, QLD, 4152",https://www.pizzahut.com.au/stores/pizza-hut-carina
48,Caroline Springs,"Shop 13 North Lake Shopping Centre, 106 Gourlay Rd, Caroline Springs, VIC, 3023",https://www.pizzahut.com.au/stores/pizza-hut-caroline-springs
49,Carrum Downs,"Shop 4 Carrum Downs Shop Centre, 100 Hall Rd, Carrum Downs, VIC, 3201",https://www.pizzahut.com.au/stores/pizza-hut-carrum-downs
50,Castle Hill,"27 Victoria Ave, Castle Hill, NSW, 2154",https://www.pizzahut.com.au/stores/pizza-hut-castle-hill
51,Chancellor Park,"Shop 11, 1-19 Chancellor Village Bvd, Sippy Downs, QLD, 4556",https://www.pizzahut.com.au/stores/pizza-hut-chancellor-park
52,Charters Towers,"Church St, Charters Towers, QLD, 4820",https://www.pizzahut.com.au/stores/pizza-hut-charters-towers
53,Chester Hill,"185-187 Priam St, Chester Hill, NSW, 2162",https://www.pizzahut.com.au/stores/pizza-hut-chester-hill
54,Chullora,"Shop 7, 355-357 Waterloo Rd, Greenacre, NSW, 2190",https://www.pizzahut.com.au/stores/pizza-hut-chullora
55,Clarkson,"Shop 4, 1868 Marmion Ave, Clarkson, WA, 6030",https://www.pizzahut.com.au/stores/pizza-hut-clarkson
56,Cleveland,"197-203 Bloomfield St, Cleveland, QLD, 4163",https://www.pizzahut.com.au/stores/pizza-hut-cleveland
57,Clontarf,"Shop 15, 9 Elizabeth Ave, Clontarf, QLD, 4019",https://www.pizzahut.com.au/stores/pizza-hut-clontarf
58,Collaroy,"Shop C, 996 Pittwater Rd, Collaroy, NSW, 2097",https://www.pizzahut.com.au/stores/pizza-hut-collaroy
59,Collingwood,"27 Victoria Pde, Collingwood, VIC, 3066",https://www.pizzahut.com.au/stores/pizza-hut-collingwood
60,Coopers Plains,"Shop 4, 19 Kessles Rd, Cooper Plains, QLD, 4108",https://www.pizzahut.com.au/stores/pizza-hut-coopers-plains
61,Cranbourne,"65 High St, Cranbourne, VIC, 3977",https://www.pizzahut.com.au/stores/pizza-hut-cranbourne
62,Currimundi,"Shop 2 Currimundi Markets, 754 Nicklin Way, Currimundi, QLD, 4551",https://www.pizzahut.com.au/stores/pizza-hut-currimundi
63,Dandenong,"Shop 12, 30 Langhorne St, Dandenong, VIC, 3175",https://www.pizzahut.com.au/stores/pizza-hut-dandenong
64,Dapto,"Shop 2, 32 Princes Hwy, Dapto, NSW, 2530",https://www.pizzahut.com.au/stores/pizza-hut-dapto
65,Darra,"Shop 7, 166 Monier Rd, Darra, QLD, 4027",https://www.pizzahut.com.au/stores/pizza-hut-darra
66,Deception Bay,"378 Deception Bay Rd, Deception Bay, QLD, 4508",https://www.pizzahut.com.au/stores/pizza-hut-deception-bay
67,Deer Park,"Shop 11, 837A Ballarat Rd, Deer Park, VIC, 3023",https://www.pizzahut.com.au/stores/pizza-hut-deer-park
68,Deeragun,"Shop 3, 2-10 Deeragun Rd, Deeragun, QLD, 4818",https://www.pizzahut.com.au/stores/pizza-hut-deeragun
69,Docklands,"Shop 12, 57 Batmans Hill Dr, Docklands, VIC, 3008",https://www.pizzahut.com.au/stores/pizza-hut-docklands
70,Doonside,"Woodcroft Dr, Shop 16 Woodcroft Plaza, Doonside, NSW, 2767",https://www.pizzahut.com.au/stores/pizza-hut-doonside
71,Dubbo,"Shop 3, 14 Cobra St, Dubbo, NSW, 2830",https://www.pizzahut.com.au/stores/pizza-hut-dubbo
72,Earlwood,"3 Clarke St, Earlwood, NSW, 2206",https://www.pizzahut.com.au/stores/pizza-hut-earlwood
73,East Maitland,"99 Lawes St, East Maitland, NSW, 2323",https://www.pizzahut.com.au/stores/pizza-hut-east-maitland
74,Eastwood,"79 Balaclava Rd, Eastwood, NSW, 2122",https://www.pizzahut.com.au/stores/pizza-hut-eastwood
75,Ellenbrook,"Shop 6, Aveley Central, 1549 Gnangara Rd, Aveley, WA, 6069",https://www.pizzahut.com.au/stores/pizza-hut-ellenbrook
76,Emerald,"63 Hospital Rd, Emerald, QLD, 4720",https://www.pizzahut.com.au/stores/pizza-hut-emerald
77,Emerton,"Shop 2, 127-129 Popondetta Rd, Emerton, NSW, 2770",https://www.pizzahut.com.au/stores/pizza-hut-emerton
78,Erindale,"Shop 2, 38 Gartside St, Canberra, ACT, 2903",https://www.pizzahut.com.au/stores/pizza-hut-erindale
79,Everton Park,"Shop 24 Northwest Plaza, 97 Flockton St, Everton Park, QLD, 4053",https://www.pizzahut.com.au/stores/pizza-hut-everton-park
80,Fairfield Heights,"259 The Boulevarde, Fairfield Heights, NSW, 2165",https://www.pizzahut.com.au/stores/pizza-hut-fairfield-heights
81,Fairfield Waters,"12 Village Dr, Idalia, QLD, 4811",https://www.pizzahut.com.au/stores/pizza-hut-fairfield-waters
82,Fairy Meadow,"Shop 7, 222 Princes Hwy, Wollongong, NSW, 2519",https://www.pizzahut.com.au/stores/pizza-hut-fairy-meadow
83,Fernvale,"1456 Brisbane Valley Hwy, Fernvale, QLD, 4306",https://www.pizzahut.com.au/stores/pizza-hut-fernvale
84,Flemington,"103 Mt. Alexander Rd, Flemington, VIC, 3031",https://www.pizzahut.com.au/stores/pizza-hut-flemington
85,Footscray,"Shop 3, 203 Ballarat Rd, Footscray, VIC, 3011",https://www.pizzahut.com.au/stores/pizza-hut-footscray
86,Forest Lake,"251 Forest Lake Blvd, Forest Lake, QLD, 4078",https://www.pizzahut.com.au/stores/pizza-hut-forest-lake
87,Frankston,"Shop 8 Bayside Entertainment Centre, 21 Wells St, Frankston, VIC, 3199",https://www.pizzahut.com.au/stores/pizza-hut-frankston
88,Frenchs Forest,"Shop 2, 55 Sorlie Rd, Frenchs Forest, NSW, 2086",https://www.pizzahut.com.au/stores/pizza-hut-frenchs-forest
89,Gawler,"29 Adelaide Rd, Gawler, SA, 5118",https://www.pizzahut.com.au/stores/pizza-hut-gawler
90,Geraldton,"57/95 Durlacher St, Geraldton, WA, 6530",https://www.pizzahut.com.au/stores/pizza-hut-geraldton
91,Gladstone,"Shop 53, 71-77 Dawson Hwy, Gladstone, QLD, 4680",https://www.pizzahut.com.au/stores/pizza-hut-gladstone
92,Glenwood Park,"Shop 6, 60 Glenwood Park Dr, Glenwood Park, NSW, 2768",https://www.pizzahut.com.au/stores/pizza-hut-glenwood-park
93,Golden Point,"507 Main Rd, Golden Point, VIC, 3350",https://www.pizzahut.com.au/stores/pizza-hut-golden-point
94,Goodna,"St Ives Shopping Centre, Smiths Rd, Goodna, QLD, 4300",https://www.pizzahut.com.au/stores/pizza-hut-goodna
95,Gordon,"766 Pacific Hwy, Gordon, NSW, 2072",https://www.pizzahut.com.au/stores/pizza-hut-gordon
96,Greenfield Park,"Shop 12, 210 Mimosa Rd, Greenfield Park, NSW, 2176",https://www.pizzahut.com.au/stores/pizza-hut-greenfield-park
97,Griffith,"450 Banna Ave, Griffith, NSW, 2680",https://www.pizzahut.com.au/stores/pizza-hut-griffith
98,Guildford,"283 Woodville Rd, Guildford, NSW, 2161",https://www.pizzahut.com.au/stores/pizza-hut-guildford
99,Gungahlin,"4/26 Ernest Cavanagh St, Gungahlin, ACT, 2912",https://www.pizzahut.com.au/stores/pizza-hut-gungahlin
100,Gympie Dine In,"112 Bruce Hwy, Gympie, QLD, 4570",https://www.pizzahut.com.au/stores/pizza-hut-gympie-dine-in
101,Harvest Lakes,"Shop T14 Harvest Lakes Shopping Centre, 89 Lyon Rd, Atwell, WA, 6164",https://www.pizzahut.com.au/stores/pizza-hut-harvest-lakes
102,Helensvale,"9 Sir John Overall Dr, Helensvale, QLD, 4212",https://www.pizzahut.com.au/stores/pizza-hut-helensvale
103,Hervey Bay,"Shop 2/161 Boat Harbour Dr, Hervey Bay, QLD, 4655",https://www.pizzahut.com.au/stores/pizza-hut-hervey-bay
104,Holland Park,"1230 Logan Rd, Holland Park, QLD, 4121",https://www.pizzahut.com.au/stores/pizza-hut-holland-park
105,Hollywood Plaza,"Shop 101 Hollywood Plaza, 122-200 Winzor St, Salisbury Downs, SA, 5108",https://www.pizzahut.com.au/stores/pizza-hut-hollywood-plaza
106,Howrah,"225 Clarence St, Howrah, TAS, 7018",https://www.pizzahut.com.au/stores/pizza-hut-howrah
107,Ingleburn,"38 Carlisle St, Ingleburn, NSW, 2565",https://www.pizzahut.com.au/stores/pizza-hut-ingleburn
108,Innaloo,"387 Scarborough Beach Rd, Innaloo, WA, 6018",https://www.pizzahut.com.au/stores/pizza-hut-innaloo
109,Jesmond,"18 Blue Gum Rd, Jesmond, NSW, 2299",https://www.pizzahut.com.au/stores/pizza-hut-jesmond
110,Joondalup,"Shop 1, 45 Candlewood Blvd, Joondalup, WA, 6027",https://www.pizzahut.com.au/stores/pizza-hut-joondalup
111,Kawana Waters,"Shop 5, 5 Lutana St, Buddina, QLD, 4575",https://www.pizzahut.com.au/stores/pizza-hut-kawana-waters
112,Kenmore,"Shop 59 Kenmore Village, Moggill Rd, Kenmore, QLD, 4069",https://www.pizzahut.com.au/stores/pizza-hut-kenmore
113,Kings Meadows,"142 Hobart Rd, Kings Meadows, TAS, 7249",https://www.pizzahut.com.au/stores/pizza-hut-kings-meadows
114,Kippax,"Block 2 Section 52 Kippax Centre, 102 Hardwick Cr, Kippax, ACT, 2615",https://www.pizzahut.com.au/stores/pizza-hut-kippax
115,Kirwan,"Shop1, 109 Thuringowa Dr, Kirwan, QLD, 4817",https://www.pizzahut.com.au/stores/pizza-hut-kirwan
116,Knox,"Shop 46, 450 Burwood Hwy, Wantirna South, VIC, 3152",https://www.pizzahut.com.au/stores/pizza-hut-knox
117,Kogarah,"45 Regent St, Kogarah, NSW, 2217",https://www.pizzahut.com.au/stores/pizza-hut-kogarah
118,Kwinana,"4 Chisham Ave, Kwinana Marketplace, Kwinana, WA, 6167",https://www.pizzahut.com.au/stores/pizza-hut-kwinana
119,Kyogle,"72 Summerland Way, Kyogle, NSW, 2474",https://www.pizzahut.com.au/stores/pizza-hut-kyogle
120,Lake Haven Dine In,"Lake Haven Shopping Centre, Goobarabah Ave, Lake Haven, NSW, 2263",https://www.pizzahut.com.au/stores/pizza-hut-lake-haven-dine-in
121,Lithgow,"132 Main St, Lithgow, NSW, 2790",https://www.pizzahut.com.au/stores/pizza-hut-lithgow
122,Liverpool,"Shop 1, 52 Memorial Ave, Liverpool, NSW, 2170",https://www.pizzahut.com.au/stores/pizza-hut-liverpool
123,Loganholme,"37-59 Bryants Rd, Shop 31A, Brisbane, QLD, 4129",https://www.pizzahut.com.au/stores/pizza-hut-loganholme
124,Lurnea,"172 Hoxton Park Rd, Lurnea, NSW, 2170",https://www.pizzahut.com.au/stores/pizza-hut-lurnea
125,Mango Hill,"Shop 2, 2 Halpine Dr, Mango Hill, QLD, 4509",https://www.pizzahut.com.au/stores/pizza-hut-mango-hill
126,Marion Dine In,"489 Morphett Rd, Oaklands Park, SA, 5046",https://www.pizzahut.com.au/stores/pizza-hut-marion-dine-in
127,Maroochydore,"Shop 2A, 69 Maud St, Sunshine Coast, QLD, 4558",https://www.pizzahut.com.au/stores/pizza-hut-maroochydore
128,Maroubra,"979 Anzac Pde, Maroubra, NSW, 2035",https://www.pizzahut.com.au/stores/pizza-hut-maroubra
129,Marrickville,"232 Marrickville Rd, Marrickville, NSW, 2204",https://www.pizzahut.com.au/stores/pizza-hut-marrickville
130,Marsden,"Shop 2, 42 Bourke St, Marsden, QLD, 4132",https://www.pizzahut.com.au/stores/pizza-hut-marsden
131,Marsden Park,"9 Hollinsworth Rd, Marsden Park, NSW, 2765",https://www.pizzahut.com.au/stores/pizza-hut-marsden-park
132,Mascot,"938 Botany Rd, Mascot, NSW, 2020",https://www.pizzahut.com.au/stores/pizza-hut-mascot
133,Melton,"37 Bakery Square, Melton, VIC, 3337",https://www.pizzahut.com.au/stores/pizza-hut-melton
134,Menai,"Shop 8, 778-786 Old Illawarra Rd, Menai, NSW, 2234",https://www.pizzahut.com.au/stores/pizza-hut-menai
135,Merrylands,"Shop 154, 280 Merrylands Road, Merrylands, NSW, 2160",https://www.pizzahut.com.au/stores/pizza-hut-merrylands
136,Mile End,"195 South Rd, Mile End, SA, 5031",https://www.pizzahut.com.au/stores/pizza-hut-mile-end
137,Mill Park,"Shop 44 The Stables Shopping Centre, Childs Rd, Mill Park, VIC, 3082",https://www.pizzahut.com.au/stores/pizza-hut-mill-park
138,Minto,"7 Pembroke Rd, Minto, NSW, 2566",https://www.pizzahut.com.au/stores/pizza-hut-minto
139,Miranda,"Shop 1A, 94 Karimbla Rd, Miranda, NSW, 2228",https://www.pizzahut.com.au/stores/pizza-hut-miranda
140,Moorebank,"271-273 Newbridge Rd, Moorebank, NSW, 2170",https://www.pizzahut.com.au/stores/pizza-hut-moorebank
141,Moorooka,"Cnr Currey Dr & Fegen Dr, Moorooka, QLD, 4105",https://www.pizzahut.com.au/stores/pizza-hut-moorooka
142,Morayfield,"Morayfield Convenience Centre, 111 William Berry Dr, Morayfield, QLD, 4506",https://www.pizzahut.com.au/stores/pizza-hut-morayfield
143,Mortdale,"50 Morts Rd, Mortdale, NSW, 2223",https://www.pizzahut.com.au/stores/pizza-hut-mortdale
144,Mount Druitt,"Shop 3A, 13 Mount St, Mt Druitt, NSW, 2770",https://www.pizzahut.com.au/stores/pizza-hut-mount-druitt
145,Mount Isa,"17-19 Simpson St, Mount Isa, QLD, 4825",https://www.pizzahut.com.au/stores/pizza-hut-mount-isa
146,Mount Pleasant,"Shop 2a, 6 Discovery Lane, Mount Pleasant, QLD, 4740",https://www.pizzahut.com.au/stores/pizza-hut-mount-pleasant
147,Mowbray,"252 Invermay Rd, Mowbray, TAS, 7248",https://www.pizzahut.com.au/stores/pizza-hut-mowbray
148,Munno Para,"Shop 2 Munno Para Shopping Centre, Munno Para, Adelaide, SA, 5113",https://www.pizzahut.com.au/stores/pizza-hut-munno-para
149,Murray Bridge,"Shop 2, 32 Adelaide Rd, Murray Bridge, SA, 5253",https://www.pizzahut.com.au/stores/pizza-hut-murray-bridge
150,Nambucca Heads,"Shop 5A Nambucca Plaza, 10 Pacific Hwy, Nambucca Heads, NSW, 2448",https://www.pizzahut.com.au/stores/pizza-hut-nambucca-heads
151,Narangba,"212-226 Young Rd, Narangba, QLD, 4504",https://www.pizzahut.com.au/stores/pizza-hut-narangba
152,Narellan,"Shop 21b, Narellan town Centre, 326 Camden valley Way, Narellan, NSW, 2567",https://www.pizzahut.com.au/stores/pizza-hut-narellan
153,Narre Warren,"5-7 Webb St, Narre Warren, VIC, 3805",https://www.pizzahut.com.au/stores/pizza-hut-narre-warren
154,New Farm,"Shop 4/660 Brunswick Street, New Farm, QLD, 4005",https://www.pizzahut.com.au/stores/pizza-hut-new-farm
155,New Town Dine In,"74 Forster St, Hobart, TAS, 7008",https://www.pizzahut.com.au/stores/pizza-hut-new-town-dine-in
156,Newcomb,"Shop1, 163 Bellarine Hwy, Geelong, VIC, 3219",https://www.pizzahut.com.au/stores/pizza-hut-newcomb
157,Newport,"Shop 1, 331-335 Barrenjoey Road, Newport, NSW, 2106",https://www.pizzahut.com.au/stores/pizza-hut-newport
158,North Balwyn,"249c Belmore Rd, North Balwyn, VIC, 3104",https://www.pizzahut.com.au/stores/pizza-hut-north-balwyn
159,North Rockhampton,"Shop 3A/385/379 Yaamba Road, Park Avenue, QLD, 4701",https://www.pizzahut.com.au/stores/pizza-hut-north-rockhampton
160,North Strathfield,"175 Concord Rd, North Strathfield, NSW, 2137",https://www.pizzahut.com.au/stores/pizza-hut-north-strathfield
161,North Sydney,"MLC Building , Shop 23/105 Miller Street, cnr Denison & Spring St, North Sydney, NSW, 2060",https://www.pizzahut.com.au/stores/pizza-hut-north-sydney
162,Northpark,"Shop 40 Northpark Shopping Centre, 254 Main North Rd, Prospect, SA, 5082",https://www.pizzahut.com.au/stores/pizza-hut-northpark
163,Nowra,"Shop 1, 78 Kinghorne St, Nowra, NSW, 2540",https://www.pizzahut.com.au/stores/pizza-hut-nowra
164,Nundah,"88 Buckland Rd, Nundah, QLD, 4012",https://www.pizzahut.com.au/stores/pizza-hut-nundah
165,Oakey,"92 Campbell St, Oakey, QLD, 4401",https://www.pizzahut.com.au/stores/pizza-hut-oakey
166,Oakleigh,"244 Huntingdale Rd, Huntingdale, VIC, 3166",https://www.pizzahut.com.au/stores/pizza-hut-oakleigh
167,Orange Dine In,"33 Bathurst Rd, Orange, NSW, 2800",https://www.pizzahut.com.au/stores/pizza-hut-orange-dine-in
168,Ormeau,"Shop 1, 180 Pascoe Rd, Ormeau, QLD, 4208",https://www.pizzahut.com.au/stores/pizza-hut-ormeau
169,Palmerston,"15 Temple Tce, Palmerston, NT, 0830",https://www.pizzahut.com.au/stores/pizza-hut-palmerston
170,Palmwoods,"2 Margaret St, Palmwoods, QLD, 4555",https://www.pizzahut.com.au/stores/pizza-hut-palmwoods
171,Para Vista,"296-306 Nelson Rd, Para Vista, SA, 5093",https://www.pizzahut.com.au/stores/pizza-hut-para-vista
172,Parkmore,"Shop Z6 Parkmore Shopping Centre, Cheltenham Rd, Parkmore, VIC, 3173",https://www.pizzahut.com.au/stores/pizza-hut-parkmore
173,Parramatta,"476 Church St, Parramatta, NSW, 2150",https://www.pizzahut.com.au/stores/pizza-hut-parramatta
174,Penrith,"Shop 2, 29 York Rd, Penrith, NSW, 2750",https://www.pizzahut.com.au/stores/pizza-hut-penrith
175,Penrith Food Court Express,"Shop E11 Westfield Penrith, 585 High St, Sydney, NSW, 2750",https://www.pizzahut.com.au/stores/pizza-hut-penrith-food-court-express
176,Perth,"Shop 2, 101 Murray St, Perth, WA, 6000",https://www.pizzahut.com.au/stores/pizza-hut-perth
177,Pimpama,"27 Dixon Dr, Pimpama, QLD, 4209",https://www.pizzahut.com.au/stores/pizza-hut-pimpama
178,Pittsworth,"Shop 2, 122 Yandilla St, Pittsworth, QLD, 4356",https://www.pizzahut.com.au/stores/pizza-hut-pittsworth
179,Plainland,"Shop H, 4424 Warrego Hwy, Plainland, QLD, 4341",https://www.pizzahut.com.au/stores/pizza-hut-plainland
180,Plympton,"353 Anzac Hwy, Plympton, SA, 5038",https://www.pizzahut.com.au/stores/pizza-hut-plympton
181,Point Cook,"Shop 30A Sanctuary Lakes Shopping Centre, 300 Point Cook Rd, Point Cook, VIC, 3030",https://www.pizzahut.com.au/stores/pizza-hut-point-cook
182,Port Augusta,"23 Victoria Pde, Port Augusta, SA, 5700",https://www.pizzahut.com.au/stores/pizza-hut-port-augusta
183,Potts Point,"Shop TG15 Kings Cross Centre, 82-94 Darlinghurst Rd, Potts Point, NSW, 2011",https://www.pizzahut.com.au/stores/pizza-hut-potts-point
184,Prahran,"567 High St, Prahran, VIC, 3181",https://www.pizzahut.com.au/stores/pizza-hut-prahran
185,Randwick,"129 Botany St, Randwick, NSW, 2031",https://www.pizzahut.com.au/stores/pizza-hut-randwick
186,Redbank Plains,"Shop 54 Town Square, 357 Redbank Plains Rd, Redbank Plains, QLD, 4301",https://www.pizzahut.com.au/stores/pizza-hut-redbank-plains
187,Reservoir,"317 Spring St, Reservoir, VIC, 3073",https://www.pizzahut.com.au/stores/pizza-hut-reservoir
188,Revesby,"Shop 15 Palm Court, 23 Selems Pde, Revesby, NSW, 2212",https://www.pizzahut.com.au/stores/pizza-hut-revesby
189,Ringwood,"79 Bedford Rd, Ringwood, VIC, 3134",https://www.pizzahut.com.au/stores/pizza-hut-ringwood
190,Riverwood,"225 Belmore Rd, Riverwood, NSW, 2210",https://www.pizzahut.com.au/stores/pizza-hut-riverwood
191,Robina,"Shop 2, 510 Christine Ave, Robina, QLD, 4226",https://www.pizzahut.com.au/stores/pizza-hut-robina
192,Rosemeadow,"Shop 16 Rosemeadow Shopping Centre, Fitzgibbon Lane, Rosemeadow, NSW, 2560",https://www.pizzahut.com.au/stores/pizza-hut-rosemeadow
193,Rosewood,"30 John St, Rosewood, QLD, 4340",https://www.pizzahut.com.au/stores/pizza-hut-rosewood
194,Rouse Hill,"Shop 2, 26 Adelphi St, Rouse Hill, NSW, 2155",https://www.pizzahut.com.au/stores/pizza-hut-rouse-hill
195,Roxburgh Park,"Shop 62, Roxburgh Park Shopping Centre, 250 Somerton Road, Roxburgh Park, VIC, 3064",https://www.pizzahut.com.au/stores/pizza-hut-roxburgh-park
196,Runaway Bay,"390 Oxley Dr, Runaway Bay, QLD, 4216",https://www.pizzahut.com.au/stores/pizza-hut-runaway-bay
197,Russell Lea,"294 Lyons Rd, Russell Lea, NSW, 2046",https://www.pizzahut.com.au/stores/pizza-hut-russell-lea
198,Rutherford,"Shop T15 Rutherford Market Place, Hillview St, Rutherford, NSW, 2320",https://www.pizzahut.com.au/stores/pizza-hut-rutherford
199,Semaphore,"114 Semaphore Rd, Semaphore, SA, 5019",https://www.pizzahut.com.au/stores/pizza-hut-semaphore
200,Seven Hills,"53 Boomerang Pl, Seven Hills, NSW, 2147",https://www.pizzahut.com.au/stores/pizza-hut-seven-hills
201,Shellharbour,"15 College Ave, Shellharbour, NSW, 2529",https://www.pizzahut.com.au/stores/pizza-hut-shellharbour
202,Shepparton Dine In,"525-535 Wyndham St, Shepparton, VIC, 3630",https://www.pizzahut.com.au/stores/pizza-hut-shepparton-dine-in
203,South Lake,"Shop 20-22 The Lakes Shopping Centre, 620 North Lake Rd, South Lake, WA, 6164",https://www.pizzahut.com.au/stores/pizza-hut-south-lake
204,South Mackay,"Shop 2-3, 135-137 Nebo Rd, South Mackay, QLD, 4740",https://www.pizzahut.com.au/stores/pizza-hut-south-mackay
205,South Melbourne,"203 Clarendon St South, Melbourne, VIC, 3205",https://www.pizzahut.com.au/stores/pizza-hut-south-melbourne
206,Southport,"Shop 5, 201 Ferry Rd, Southport, QLD, 4215",https://www.pizzahut.com.au/stores/pizza-hut-southport
207,Springvale,"Shop 1, 23 Springvale Rd, Springvale, VIC, 3171",https://www.pizzahut.com.au/stores/pizza-hut-springvale
208,Springwood,"Shop 7A, 1 Achilles Dr, Springwood, QLD, 4127",https://www.pizzahut.com.au/stores/pizza-hut-springwood
209,St Andrews Restaurant,"1 Swettenham Rd, Minto, NSW, 2566",https://www.pizzahut.com.au/stores/pizza-hut-st-andrews-restaurant
210,St Kilda,"Shop 3, 73 Fitzroy St, St Kilda, VIC, 3182",https://www.pizzahut.com.au/stores/pizza-hut-st-kilda
211,St Marys,"Shop 4, 9-11 Gallipoli St, St Marys, NSW, 2760",https://www.pizzahut.com.au/stores/pizza-hut-st-marys
212,Stanmore,"106-110 Parramatta Rd, Stanmore, NSW, 2048",https://www.pizzahut.com.au/stores/pizza-hut-stanmore
213,Stretton,"Shop 6 / 66 Condamine Street, Runcorn, QLD, 4113",https://www.pizzahut.com.au/stores/pizza-hut-stretton
214,Sunshine West,"Shop 3, 1-5 The Ave, Sunshine West, VIC, 3020",https://www.pizzahut.com.au/stores/pizza-hut-sunshine-west
215,Surry Hills,"Shop 1-2, 450 Elizabeth St, Surry Hills, NSW, 2010",https://www.pizzahut.com.au/stores/pizza-hut-surry-hills
216,Sutherland,"Shop 2, 818-820 Old Princes Hwy, Sutherland, NSW, 2232",https://www.pizzahut.com.au/stores/pizza-hut-sutherland
217,Swan View,"Shop 4, 297 Morrison Rd, Swan View, WA, 6056",https://www.pizzahut.com.au/stores/pizza-hut-swan-view
218,Taigum,"Shop 56 Taigum Shopping Centre, 215 Beams Rd, Taigum, QLD, 4018",https://www.pizzahut.com.au/stores/pizza-hut-taigum
219,Tarneit,"Shop 3, 409-413 Derrimut Rd, Tarneit, VIC, 3029",https://www.pizzahut.com.au/stores/pizza-hut-tarneit
220,The Lakes,"Shop 3/196A Woolcock St, Currajong, QLD, 4812",https://www.pizzahut.com.au/stores/pizza-hut-the-lakes
221,The Pines,"The Pines Shopping Centre, KP McGrath Dr, The Pines, QLD, 4221",https://www.pizzahut.com.au/stores/pizza-hut-the-pines
222,Thornlie,"Unit 3, 320-330 Spencer Rd, Thornlie, WA, 6108",https://www.pizzahut.com.au/stores/pizza-hut-thornlie
223,Toowoomba Dine In,"871 Ruthven St, Toowoomba, QLD, 4350",https://www.pizzahut.com.au/stores/pizza-hut-toowoomba-dine-in
224,Top Ryde,"Shop 4, 43 Blaxland Rd, Top Ryde, NSW, 2112",https://www.pizzahut.com.au/stores/pizza-hut-top-ryde
225,Tuart Hill,"207 Wanneroo Rd, Tuart Hill, WA, 6060",https://www.pizzahut.com.au/stores/pizza-hut-tuart-hill
226,Tumut,"35 Wynard St, Tumut, NSW, 2720",https://www.pizzahut.com.au/stores/pizza-hut-tumut
227,Turramurra,"1255 Pacific Hwy, Turramurra, NSW, 2074",https://www.pizzahut.com.au/stores/pizza-hut-turramurra
228,Umina,"280 West St, Umina, NSW, 2257",https://www.pizzahut.com.au/stores/pizza-hut-umina
229,Upper Coomera,"Shop E1A Coomera Square Shopping Centre, 2 City Centre Dr, Upper Coomera, QLD, 4209",https://www.pizzahut.com.au/stores/pizza-hut-upper-coomera
230,Upper Mt Gravatt,"Shop 1, 1888 Logan Rd, Upper Mt Gravatt, QLD, 4122",https://www.pizzahut.com.au/stores/pizza-hut-upper-mt-gravatt
231,Wagga Wagga,"19 Baylis St, Wagga Wagga, NSW, 2650",https://www.pizzahut.com.au/stores/pizza-hut-wagga-wagga
232,Wanneroo,"Shop 6, 981 Wanneroo Rd, Wanneroo, WA, 6065",https://www.pizzahut.com.au/stores/pizza-hut-wanneroo
233,Warnbro,"Shop T62 Warnbro Centre, 206 Warnbro Sound Ave, Warnbro, WA, 6169",https://www.pizzahut.com.au/stores/pizza-hut-warnbro
234,Warner,"Shop3, 341 Samsonvale Rd, Warner, QLD, 4500",https://www.pizzahut.com.au/stores/pizza-hut-warner
235,Warrawong,"Shop 4, 32-40 King St, Warrawong, NSW, 2502",https://www.pizzahut.com.au/stores/pizza-hut-warrawong
236,Warwick,"40 Albion St, Warwick, QLD, 4370",https://www.pizzahut.com.au/stores/pizza-hut-warwick
237,Waterford West,"Shop 29 Waterford West Shopping Plaza, 917 Kingston Rd, Waterford West, QLD, 4133",https://www.pizzahut.com.au/stores/pizza-hut-waterford-west
238,Waterloo,"7 Archibald Ave, Waterloo, NSW, 2017",https://www.pizzahut.com.au/stores/pizza-hut-waterloo
239,Welland,"Shop 24 Welland Shopping Centre, 522 Port Rd, Welland, SA, 5007",https://www.pizzahut.com.au/stores/pizza-hut-welland
240,Wentworthville,"41 Station St, Wentworthville, NSW, 2145",https://www.pizzahut.com.au/stores/pizza-hut-wentworthville
241,Werribee,"9 Station Pl, Wyndham, VIC, 3030",https://www.pizzahut.com.au/stores/pizza-hut-werribee
242,West Hoxton Park,"Cnr Cowpasture & Fifteenth Ave, West Hoxton Park, NSW, 2171",https://www.pizzahut.com.au/stores/pizza-hut-west-hoxton-park
243,Whyalla,"Shop 63 Westland Shopping Centre, McDouall Stuart Ave, Whyalla, SA, 5608",https://www.pizzahut.com.au/stores/pizza-hut-whyalla
244,Willoughby,"511 Willoughby Rd, Willoughby, NSW, 2068",https://www.pizzahut.com.au/stores/pizza-hut-willoughby
245,Wilsonton,"Shop 15A Wilsonton Shopping Centre, 407 Bridge Street, North Toowoomba, QLD, 4350",https://www.pizzahut.com.au/stores/pizza-hut-wilsonton
246,Windsor Dine In,"69 Macquarie St, Windsor, NSW, 2756",https://www.pizzahut.com.au/stores/pizza-hut-windsor-dine-in
247,Woodridge,"Shop C , 1 Wembley Road, Logan Central, QLD, 4116",https://www.pizzahut.com.au/stores/pizza-hut-woodridge
248,Woodvale,"Shop 18A, 923 Whitfords Ave, Woodvale, WA, 6026",https://www.pizzahut.com.au/stores/pizza-hut-woodvale
249,Woolloongabba,"Shop 2, 80 Ipswich Rd, Woolloongabba, QLD, 4102",https://www.pizzahut.com.au/stores/pizza-hut-woolloongabba
250,Wynnum,"106 Tingal Rd, Wynnum, QLD, 4178",https://www.pizzahut.com.au/stores/pizza-hut-wynnum
251,Wyoming,"Shop 5 Citygate Centre, 451 Pacific Hwy, Gosford, NSW, 2250",https://www.pizzahut.com.au/stores/pizza-hut-wyoming
252,Wyong,"300 Pacific Hwy, Wyong, NSW, 2259",https://www.pizzahut.com.au/stores/pizza-hut-wyong
253,Yamanto,"Shop 22 Winston Glades Shopping Centre, 259 Ash St, Flinders View, QLD, 4305",https://www.pizzahut.com.au/stores/pizza-hut-yamanto
254,Yamba,"Yamba Shopping Centre, Yamba Rd, Yamba, NSW, 2464",https://www.pizzahut.com.au/stores/pizza-hut-yamba
