,Location,Address
0,Albany,"Shop 1, 69 Lockyer Avenue, Albany, WA, 633"
1,Alderley,"Shop 2, 30 South Pine Rd, Alderley, QLD, 405"
2,Armadale,"Shop 11 Haynes Shop Centre Cnr Armadale & Eight Rd's, Armadale, WA, 611"
3,Ashgrove,"Shop 2, 214 Waterworks Rd, Ashgrove, QLD, 406"
4,Ashmore,"149 Cotlew St, Ashmore, QLD, 421"
5,Aspley,"Shop 10, 1370 Gympie Rd, Aspley, QLD, 403"
6,Auburn,"115 Auburn Rd, Auburn, NSW, 214"
7,Baldivis,"Shop 19 Stockland Shopping Centre, 20 Settlers Ave, Baldivis, WA, 617"
8,Balga,"Shop 10A Fieldgate Square, 25 Culloton Cres, Balga, WA, 606"
9,Balgowlah,"312 Sydney Rd, Balgowlah, NSW, 209"
10,Ballarat Dine In,"31 Victoria St, Ballarat Dine In, VIC, 335"
11,Bankstown,"242 Chapel Rd Sth, Bankstown, NSW, 220"
12,Bassendean,"Cnr West &, Guildford Rd, Bassendean, WA, 605"
13,Bateau Bay,"161 Cresthaven Ave, Bateau Bay, NSW, 226"
14,Bathurst,"Shop 1, 52 Durham St, Bathurst, NSW, 279"
15,Baulkham Hills,"22A Old Northern Rd, Baulkham Hills, NSW, 215"
16,Beenleigh,"Enter via George St, Beenleigh, QLD, 420"
17,Beerwah,"4/70 Simpson Rd, Beerwah, QLD, 451"
18,Belfield,"26A Burwood Rd, Belfield, NSW, 219"
19,Bell Post Hill,"Shop 23, 290 Anakie Rd, Bell Post Hill, VIC, 321"
20,Bellbowrie,"37 Birkin Rd, Bellbowrie, QLD, 407"
21,Belmont Village,"Shop 13B, 65 High St, Belmont, VIC, 321"
22,Belmont WA,"Cnr Fulham St, Cloverdale, WA, 610"
23,Bendigo Dine In,"Cnr High St & Violet St, Bendigo, VIC, 355"
24,Bentleigh East,"697 Centre Rd, Bentleigh East, VIC, 316"
25,Bentley Park,"Shop 12b, 96 Mclaughlin Rd, Bentley Park, QLD, 486"
26,Beverly Hills,"322 King Georges Rd, Beverly Hills, NSW, 220"
27,Blacktown,"88 Reservoir Rd, Blacktown, NSW, 214"
28,Blackwater,"Shop 9, 5 Rufus St, Blackwater, QLD, 471"
29,Bonnyrigg,"Shop 3 Rigg Plaza, 5 Rigg Pl, Bonnyrigg, NSW, 217"
30,Boonooroo Park,"Shop 10, Cnr Nielsens Rd & Coelia Crt, Carrara, QLD, 421"
31,Booval,"47 South Station Road, Booval, QLD, 430"
32,Bowen,"21 Herbert St, Bowen, QLD, 480"
33,Brassall,"Shop 38B, 68 Hunter St, Brassall, QLD, 430"
34,Browns Plains Westpoint,"Shop 31, 8-24 Browns Plains Rd, Browns Plains, QLD, 411"
35,Bundaberg,"224 Bourbong Rd, Bundaberg West, QLD, 467"
36,Bundoora,"Shop 9 Bld H, Polaris Town Centre, Copernicus Crt, Bundoora, VIC, 308"
37,Burleigh Waters,"Shop 6, 1 Santa Maria Pl, Burleigh Waters, QLD, 422"
38,Byford,"837 South Western Hwy, Byford, WA, 612"
39,Cairns,"Shop 3, 213 Sheridan St, Cairns, QLD, 487"
40,Cambridge Gardens,"2-6 Star Ct, Cambridge Gardens, NSW, 274"
41,Camden,"Shop 1, 166-172 Argyle St, Camden, NSW, 257"
42,Camp Hill,"Unit 1, 412 Old Cleveland Rd, Camp Hill, QLD, 415"
43,Campbelltown,"174 Queen St, Campbelltown, NSW, 256"
44,Canley Vale,"Shop 1, 17 Canley Vale Rd, Canley Vale, NSW, 216"
45,Cannon Hill,"Shop 8, 936 Wynnum Rd, Cannon Hill, QLD, 417"
46,Capalaba,"Shop 2, 131 Old Cleveland Rd, Brisbane, QLD, 415"
47,Carina,"Shop 2, 1396 Creek Rd, Carina, QLD, 415"
48,Caroline Springs,"Shop 13 North Lake Shopping Centre, 106 Gourlay Rd, Caroline Springs, VIC, 302"
49,Carrum Downs,"Shop 4 Carrum Downs Shop Centre, 100 Hall Rd, Carrum Downs, VIC, 320"
50,Castle Hill,"27 Victoria Ave, Castle Hill, NSW, 215"
51,Chancellor Park,"Shop 11, 1-19 Chancellor Village Bvd, Sippy Downs, QLD, 455"
52,Charters Towers,"Church St, Charters Towers, QLD, 482"
53,Chester Hill,"185-187 Priam St, Chester Hill, NSW, 216"
54,Chullora,"Shop 7, 355-357 Waterloo Rd, Greenacre, NSW, 219"
55,Clarkson,"Shop 4, 1868 Marmion Ave, Clarkson, WA, 603"
56,Cleveland,"197-203 Bloomfield St, Cleveland, QLD, 416"
57,Clontarf,"Shop 15, 9 Elizabeth Ave, Clontarf, QLD, 401"
58,Collaroy,"Shop C, 996 Pittwater Rd, Collaroy, NSW, 209"
59,Collingwood,"27 Victoria Pde, Collingwood, VIC, 306"
60,Coopers Plains,"Shop 4, 19 Kessles Rd, Cooper Plains, QLD, 410"
61,Cranbourne,"65 High St, Cranbourne, VIC, 397"
62,Currimundi,"754 Nicklin Way, Currimundi, QLD, 455"
63,Dandenong,"Shop 12, 30 Langhorne St, Dandenong, VIC, 317"
64,Dapto,"Shop 2, 32 Princes Hwy, Dapto, NSW, 253"
65,Darra,"Shop 7, 166 Monier Rd, Darra, QLD, 402"
66,Deception Bay,"378 Deception Bay Rd, Deception Bay, QLD, 450"
67,Deer Park,"Shop 11, 837A Ballarat Rd, Deer Park, VIC, 302"
68,Deeragun,"Shop 3, 2-10 Deeragun Rd, Deeragun, QLD, 481"
69,Docklands,"Shop 12, 57 Batmans Hill Dr, Docklands, VIC, 300"
70,Doonside,"Shop 16 Woodcroft Plaza, Doonside, NSW, 276"
71,Dubbo,"Shop 3, 14 Cobra St, Dubbo, NSW, 283"
72,Earlwood,"3 Clarke St, Earlwood, NSW, 220"
73,East Maitland,"99 Lawes St, East Maitland, NSW, 232"
74,Eastwood,"79 Balaclava Rd, Eastwood, NSW, 212"
75,Ellenbrook,"Shop 6, Aveley Central, 1549 Gnangara Rd, Aveley, WA, 606"
76,Emerald,"63 Hospital Rd, Emerald, QLD, 472"
77,Emerton,"Shop 2, 127-129 Popondetta Rd, Emerton, NSW, 277"
78,Erindale,"Shop 2, 38 Gartside St, Canberra, ACT, 290"
79,Everton Park,"97 Flockton St, Everton Park, QLD, 405"
80,Fairfield Heights,"259 The Boulevarde, Fairfield Heights, NSW, 216"
81,Fairfield Waters,"12 Village Dr, Idalia, QLD, 481"
82,Fairy Meadow,"Shop 7, 222 Princes Hwy, Wollongong, NSW, 251"
83,Fernvale,"1456 Brisbane Valley Hwy, Fernvale, QLD, 430"
84,Flemington,"103 Mt. Alexander Rd, Flemington, VIC, 303"
85,Footscray,"Shop 3, 203 Ballarat Rd, Footscray, VIC, 301"
86,Forest Lake,"251 Forest Lake Blvd, Forest Lake, QLD, 407"
87,Frankston,"Shop 8 Bayside Entertainment Centre, 21 Wells St, Frankston, VIC, 319"
88,Frenchs Forest,"Shop 2, 55 Sorlie Rd, Frenchs Forest, NSW, 208"
89,Gawler,"29 Adelaide Rd, Gawler, SA, 511"
90,Geraldton,"57/95 Durlacher St, Geraldton, WA, 653"
91,Gladstone,"Shop 53, 71-77 Dawson Hwy, Gladstone, QLD, 468"
92,Glenwood Park,"Shop 6, 60 Glenwood Park Dr, Glenwood Park, NSW, 276"
93,Golden Point,"507 Main Rd, Golden Point, VIC, 335"
94,Goodna,"St Ives Shopping Centre, Smiths Rd, Goodna, QLD, 430"
95,Gordon,"766 Pacific Hwy, Gordon, NSW, 207"
96,Greenfield Park,"Shop 12, 210 Mimosa Rd, Greenfield Park, NSW, 217"
97,Griffith,"450 Banna Ave, Griffith, NSW, 268"
98,Guildford,"283 Woodville Rd, Guildford, NSW, 216"
99,Gungahlin,"4/26 Ernest Cavanagh St, Gungahlin, ACT, 291"
100,Gympie Dine In,"112 Bruce Hwy, Gympie, QLD, 457"
101,Harvest Lakes,"Shop T14 Harvest Lakes Shopping Centre, 89 Lyon Rd, Atwell, WA, 616"
102,Helensvale,"9 Sir John Overall Dr, Helensvale, QLD, 421"
103,Hervey Bay,"Shop 2/161 Boat Harbour Dr, Hervey Bay, QLD, 465"
104,Holland Park,"1230 Logan Rd, Holland Park, QLD, 412"
105,Hollywood Plaza,"122-200 Winzor St, Salisbury Downs, SA, 510"
106,Howrah,"225 Clarence St, Howrah, TAS, 701"
107,Ingleburn,"38 Carlisle St, Ingleburn, NSW, 256"
108,Innaloo,"387 Scarborough Beach Rd, Innaloo, WA, 601"
109,Jesmond,"18 Blue Gum Rd, Jesmond, NSW, 229"
110,Joondalup,"Shop 1, 45 Candlewood Blvd, Joondalup, WA, 602"
111,Kawana Waters,"Shop 5, 5 Lutana St, Buddina, QLD, 457"
112,Kenmore,"Shop 59 Kenmore Village, Moggill Rd, Kenmore, QLD, 406"
113,Kings Meadows,"142 Hobart Rd, Kings Meadows, TAS, 724"
114,Kippax,"Block 2 Section 52 Kippax Centre, 102 Hardwick Cr, Kippax, ACT, 261"
115,Kirwan,"Shop1, 109 Thuringowa Dr, Kirwan, QLD, 481"
116,Knox,"Shop 46, 450 Burwood Hwy, Wantirna South, VIC, 315"
117,Kogarah,"45 Regent St, Kogarah, NSW, 221"
118,Kwinana,"Kwinana Marketplace, Kwinana, WA, 616"
119,Kyogle,"72 Summerland Way, Kyogle, NSW, 247"
120,Lake Haven Dine In,"Lake Haven Shopping Centre, Goobarabah Ave, Lake Haven, NSW, 226"
121,Lithgow,"132 Main St, Lithgow, NSW, 279"
122,Liverpool,"Shop 1, 52 Memorial Ave, Liverpool, NSW, 217"
123,Loganholme,"Shop 31A, Brisbane, QLD, 412"
124,Lurnea,"172 Hoxton Park Rd, Lurnea, NSW, 217"
125,Mango Hill,"Shop 2, 2 Halpine Dr, Mango Hill, QLD, 450"
126,Marion Dine In,"489 Morphett Rd, Oaklands Park, SA, 504"
127,Maroochydore,"Shop 2A, 69 Maud St, Sunshine Coast, QLD, 455"
128,Maroubra,"979 Anzac Pde, Maroubra, NSW, 203"
129,Marrickville,"232 Marrickville Rd, Marrickville, NSW, 220"
130,Marsden,"Shop 2, 42 Bourke St, Marsden, QLD, 413"
131,Marsden Park,"9 Hollinsworth Rd, Marsden Park, NSW, 276"
132,Mascot,"938 Botany Rd, Mascot, NSW, 202"
133,Melton,"37 Bakery Square, Melton, VIC, 333"
134,Menai,"Shop 8, 778-786 Old Illawarra Rd, Menai, NSW, 223"
135,"Pizza
Premium
Loaded
Favourites
Classics
Unreal!
Personal Pan Lunch Pizza
Pasta
Wingstreet
Sides
Desserts
Drinks
Meals",
136,"Pizza
Premium
Loaded
Favourites
Classics
Unreal!
Personal Pan Lunch Pizza
Pasta
Wingstreet
Sides
Desserts
Drinks
Meals",
137,Mill Park,"Shop 44 The Stables Shopping Centre, Childs Rd, Mill Park, VIC, 308"
138,Minto,"7 Pembroke Rd, Minto, NSW, 256"
139,Miranda,"Shop 1A, 94 Karimbla Rd, Miranda, NSW, 222"
140,Moorebank,"271-273 Newbridge Rd, Moorebank, NSW, 217"
141,Moorooka,"Cnr Currey Dr & Fegen Dr, Moorooka, QLD, 410"
142,Morayfield,"111 William Berry Dr, Morayfield, QLD, 450"
143,Mortdale,"50 Morts Rd, Mortdale, NSW, 222"
144,Mount Druitt,"Shop 3A, 13 Mount St, Mt Druitt, NSW, 277"
145,Mount Isa,"17-19 Simpson St, Mount Isa, QLD, 482"
146,Mount Pleasant,"Shop 2a, 6 Discovery Lane, Mount Pleasant, QLD, 474"
147,Mowbray,"252 Invermay Rd, Mowbray, TAS, 724"
148,Munno Para,"Shop 2 Munno Para Shopping Centre, Munno Para, Adelaide, SA, 511"
149,Murray Bridge,"Shop 2, 32 Adelaide Rd, Murray Bridge, SA, 525"
150,Nambucca Heads,"Shop 5A Nambucca Plaza, 10 Pacific Hwy, Nambucca Heads, NSW, 244"
151,Narangba,"212-226 Young Rd, Narangba, QLD, 450"
152,Narellan,"Shop 21b, Narellan town Centre, 326 Camden valley Way, Narellan, NSW, 256"
153,Narre Warren,"5-7 Webb St, Narre Warren, VIC, 380"
154,New Farm,"Shop 4/660 Brunswick Street, New Farm, QLD, 400"
155,New Town Dine In,"74 Forster St, Hobart, TAS, 700"
156,Newcomb,"Shop1, 163 Bellarine Hwy, Geelong, VIC, 321"
157,Newport,"Shop 1, 331-335 Barrenjoey Road, Newport, NSW, 210"
158,North Balwyn,"249c Belmore Rd, North Balwyn, VIC, 310"
159,North Rockhampton,"Shop 3A/385/379 Yaamba Road, Park Avenue, QLD, 470"
160,North Strathfield,"175 Concord Rd, North Strathfield, NSW, 213"
161,North Sydney,"Shop 23/105 Miller Street, cnr Denison & Spring St, North Sydney, NSW, 206"
162,Northpark,"254 Main North Rd, Prospect, SA, 508"
163,Nowra,"Shop 1, 78 Kinghorne St, Nowra, NSW, 254"
164,Nundah,"88 Buckland Rd, Nundah, QLD, 401"
165,Oakey,"92 Campbell St, Oakey, QLD, 440"
166,Oakleigh,"244 Huntingdale Rd, Huntingdale, VIC, 316"
167,Orange Dine In,"33 Bathurst Rd, Orange, NSW, 280"
168,Ormeau,"Shop 1, 180 Pascoe Rd, Ormeau, QLD, 420"
169,Palmerston,"15 Temple Tce, Palmerston, NT, 083"
170,Palmwoods,"2 Margaret St, Palmwoods, QLD, 455"
171,Para Vista,"296-306 Nelson Rd, Para Vista, SA, 509"
172,Parkmore,"Shop Z6 Parkmore Shopping Centre, Cheltenham Rd, Parkmore, VIC, 317"
173,"Pizza
Premium
Loaded
Favourites
Classics
Unreal!
Personal Pan Lunch Pizza
Pasta
Wingstreet
Sides
Desserts
Drinks
Meals",
174,"Pizza
Premium
Loaded
Favourites
Classics
Unreal!
Personal Pan Lunch Pizza
Pasta
Wingstreet
Sides
Desserts
Drinks
Meals",
175,Penrith Food Court Express,"585 High St, Sydney, NSW, 275"
176,Perth,"Shop 2, 101 Murray St, Perth, WA, 600"
177,Pimpama,"27 Dixon Dr, Pimpama, QLD, 420"
178,Pittsworth,"Shop 2, 122 Yandilla St, Pittsworth, QLD, 435"
179,Plainland,"Shop H, 4424 Warrego Hwy, Plainland, QLD, 434"
180,Plympton,"353 Anzac Hwy, Plympton, SA, 503"
181,Point Cook,"300 Point Cook Rd, Point Cook, VIC, 303"
182,Port Augusta,"23 Victoria Pde, Port Augusta, SA, 570"
183,Potts Point,"Shop TG15 Kings Cross Centre, 82-94 Darlinghurst Rd, Potts Point, NSW, 201"
184,Prahran,"567 High St, Prahran, VIC, 318"
185,Randwick,"129 Botany St, Randwick, NSW, 203"
186,Redbank Plains,"357 Redbank Plains Rd, Redbank Plains, QLD, 430"
187,Reservoir,"317 Spring St, Reservoir, VIC, 307"
188,Revesby,"Shop 15 Palm Court, 23 Selems Pde, Revesby, NSW, 221"
189,Ringwood,"79 Bedford Rd, Ringwood, VIC, 313"
190,Riverwood,"225 Belmore Rd, Riverwood, NSW, 221"
191,Robina,"Shop 2, 510 Christine Ave, Robina, QLD, 422"
192,Rosemeadow,"Shop 16 Rosemeadow Shopping Centre, Fitzgibbon Lane, Rosemeadow, NSW, 256"
193,Rosewood,"30 John St, Rosewood, QLD, 434"
194,Rouse Hill,"Shop 2, 26 Adelphi St, Rouse Hill, NSW, 215"
195,Roxburgh Park,"250 Somerton Road, Roxburgh Park, VIC, 306"
196,Runaway Bay,"390 Oxley Dr, Runaway Bay, QLD, 421"
197,Russell Lea,"294 Lyons Rd, Russell Lea, NSW, 204"
198,Rutherford,"Shop T15 Rutherford Market Place, Hillview St, Rutherford, NSW, 232"
199,Semaphore,"114 Semaphore Rd, Semaphore, SA, 501"
200,Seven Hills,"53 Boomerang Pl, Seven Hills, NSW, 214"
201,Shellharbour,"15 College Ave, Shellharbour, NSW, 252"
202,Shepparton Dine In,"525-535 Wyndham St, Shepparton, VIC, 363"
203,South Lake,"Shop 20-22 The Lakes Shopping Centre, 620 North Lake Rd, South Lake, WA, 616"
204,South Mackay,"Shop 2-3, 135-137 Nebo Rd, South Mackay, QLD, 474"
205,South Melbourne,"203 Clarendon St South, Melbourne, VIC, 320"
206,Southport,"Shop 5, 201 Ferry Rd, Southport, QLD, 421"
207,Springvale,"Shop 1, 23 Springvale Rd, Springvale, VIC, 317"
208,Springwood,"Shop 7A, 1 Achilles Dr, Springwood, QLD, 412"
209,St Andrews Restaurant,"1 Swettenham Rd, Minto, NSW, 256"
210,St Kilda,"Shop 3, 73 Fitzroy St, St Kilda, VIC, 318"
211,St Marys,"Shop 4, 9-11 Gallipoli St, St Marys, NSW, 276"
212,Stanmore,"106-110 Parramatta Rd, Stanmore, NSW, 204"
213,Stretton,"Shop 6 / 66 Condamine Street, Runcorn, QLD, 411"
214,Sunshine West,"Shop 3, 1-5 The Ave, Sunshine West, VIC, 302"
215,Surry Hills,"Shop 1-2, 450 Elizabeth St, Surry Hills, NSW, 201"
216,Sutherland,"Shop 2, 818-820 Old Princes Hwy, Sutherland, NSW, 223"
217,Swan View,"Shop 4, 297 Morrison Rd, Swan View, WA, 605"
218,Taigum,"Shop 56 Taigum Shopping Centre, 215 Beams Rd, Taigum, QLD, 401"
219,Tarneit,"Shop 3, 409-413 Derrimut Rd, Tarneit, VIC, 302"
220,The Lakes,"Shop 3/196A Woolcock St, Currajong, QLD, 481"
221,The Pines,"The Pines Shopping Centre, KP McGrath Dr, The Pines, QLD, 422"
222,Thornlie,"Unit 3, 320-330 Spencer Rd, Thornlie, WA, 610"
223,Toowoomba Dine In,"871 Ruthven St, Toowoomba, QLD, 435"
224,Top Ryde,"Shop 4, 43 Blaxland Rd, Top Ryde, NSW, 211"
225,Tuart Hill,"207 Wanneroo Rd, Tuart Hill, WA, 606"
226,Tumut,"35 Wynard St, Tumut, NSW, 272"
227,Turramurra,"1255 Pacific Hwy, Turramurra, NSW, 207"
228,Umina,"280 West St, Umina, NSW, 225"
229,Upper Coomera,"2 City Centre Dr, Upper Coomera, QLD, 420"
230,Upper Mt Gravatt,"Shop 1, 1888 Logan Rd, Upper Mt Gravatt, QLD, 412"
231,Wagga Wagga,"19 Baylis St, Wagga Wagga, NSW, 265"
232,Wanneroo,"Shop 6, 981 Wanneroo Rd, Wanneroo, WA, 606"
233,Warnbro,"Shop T62 Warnbro Centre, 206 Warnbro Sound Ave, Warnbro, WA, 616"
234,Warner,"Shop3, 341 Samsonvale Rd, Warner, QLD, 450"
235,Warrawong,"Shop 4, 32-40 King St, Warrawong, NSW, 250"
236,Warwick,"40 Albion St, Warwick, QLD, 437"
237,Waterford West,"917 Kingston Rd, Waterford West, QLD, 413"
238,Waterloo,"7 Archibald Ave, Waterloo, NSW, 201"
239,Welland,"Shop 24 Welland Shopping Centre, 522 Port Rd, Welland, SA, 500"
240,Wentworthville,"41 Station St, Wentworthville, NSW, 214"
241,Werribee,"9 Station Pl, Wyndham, VIC, 303"
242,West Hoxton Park,"Cnr Cowpasture & Fifteenth Ave, West Hoxton Park, NSW, 217"
243,Whyalla,"Shop 63 Westland Shopping Centre, McDouall Stuart Ave, Whyalla, SA, 560"
244,Willoughby,"511 Willoughby Rd, Willoughby, NSW, 206"
245,Wilsonton,"Shop 15A Wilsonton Shopping Centre, 407 Bridge Street, North Toowoomba, QLD, 435"
246,Windsor Dine In,"69 Macquarie St, Windsor, NSW, 275"
247,Woodridge,"Shop C , 1 Wembley Road, Logan Central, QLD, 411"
248,Woodvale,"Shop 18A, 923 Whitfords Ave, Woodvale, WA, 602"
249,Woolloongabba,"Shop 2, 80 Ipswich Rd, Woolloongabba, QLD, 410"
250,Wynnum,"106 Tingal Rd, Wynnum, QLD, 417"
251,Wyoming,"Shop 5 Citygate Centre, 451 Pacific Hwy, Gosford, NSW, 225"
252,Wyong,"300 Pacific Hwy, Wyong, NSW, 225"
253,Yamanto,"259 Ash St, Flinders View, QLD, 430"
254,Yamba,"Yamba Shopping Centre, Yamba Rd, Yamba, NSW, 246"
